{
  "format_version": "1.8.0",
  "animations": {
    "dropkick": {
      "animation_length": 0.75,
      "bones": {
        "torso": {
          "rotation": {
            "0.0": [0, 0, 0],
            "0.1667": [0, 0, 0],
            "0.25": [0, 0, 0],
            "0.3333": [0, 0, 0],
            "0.75": [0, 0, 0]
          },
          "position": {
            "0.0": [0, 0, 0],
            "0.1667": [0, 0, 0],
            "0.25": [0, 0, 0],
            "0.3333": [0, 0, 0],
            "0.75": [0, 0, 0]
          }
        },
        "head": {
          "rotation": {
            "0.0": [0, 0, 0],
            "0.1667": [71.85678, -23.498, -3.83526],
            "0.25": [71.85678, -23.498, -3.83526],
            "0.3333": [71.85678, -23.498, -3.83526],
            "0.75": [0, 0, 0]
          },
          "position": {
            "0.0": [0, 0, 0],
            "0.1667": [0, 0, -3],
            "0.25": [0, 0, -3],
            "0.3333": [0, 0, -3],
            "0.75": [0, 0, 0]
          }
        },
        "right_leg": {
          "rotation": {
            "0.0": [0, 0, 0],
            "0.1667": [49.0064, -21.93857, 5.123],
            "0.25": [49.0064, -21.93857, 5.123],
            "0.3333": [26.5064, -21.93857, 5.123],
            "0.5833": [26.5064, -21.93857, 5.123],
            "0.75": [0, 0, 0]
          },
          "position": {
            "0.0": [0, 0, 0],
            "0.1667": [2, 0, -8],
            "0.25": [2, 0, -8],
            "0.3333": [2, 0, -8],
            "0.5833": [2, 0, -8],
            "0.75": [0, 0, 0]
          }
        },
        "left_leg": {
          "rotation": {
            "0.0": [0, 0, 0],
            "0.1667": [22.5, -40, 0],
            "0.25": [22.5, -40, 0],
            "0.3333": [-7.5, -40, 0],
            "0.5833": [-7.5, -40, 0],
            "0.75": [0, 0, 0]
          },
          "position": {
            "0.0": [0, 0, 0],
            "0.1667": [0, 0, -4],
            "0.25": [0, 0, -4],
            "0.3333": [0, 0, 0],
            "0.5833": [0, 0, 0],
            "0.75": [0, 0, 0]
          }
        },
        "right_arm": {
          "rotation": {
            "0.0": [0, 0, 0],
            "0.1667": [28.4658, -22.37152, 20.36435],
            "0.25": [28.4658, -22.37152, 20.36435],
            "0.3333": [28.4658, -22.37152, 20.36435],
            "0.5833": [28.4658, -22.37152, 20.36435],
            "0.75": [0, 0, 0]
          },
          "position": {
            "0.0": [0, 0, 0],
            "0.1667": [0, 0, 0],
            "0.25": [0, 0, 0],
            "0.3333": [0, 0, 0],
            "0.5833": [0, 0, 0],
            "0.75": [0, 0, 0]
          }
        },
        "left_arm": {
          "rotation": {
            "0.0": [0, 0, 0],
            "0.1667": [0, 0, -50],
            "0.25": [0, 0, -50],
            "0.3333": [0, 0, -50],
            "0.4167": [0, 0, -50],
            "0.6667": [0, 0, 0]
          },
          "position": {
            "0.0": [0, 0, 0],
            "0.1667": [0, 0, 0],
            "0.25": [0, 0, 0],
            "0.3333": [0, 0, 0],
            "0.4167": [0, 0, 0],
            "0.6667": [0, 0, 0]
          }
        },
        "body": {
          "rotation": {
            "0.0": [0, 0, 0],
            "0.1667": [-69.82607, 10.17781, -25.68482],
            "0.25": [-69.82607, 10.17781, -25.68482],
            "0.3333": [-69.82607, 10.17781, -25.68482],
            "0.75": [0, 0, 0]
          }
        }
      }
    },
    "armor_lock": {
      "animation_length": 5.6667,
      "bones": {
        "body": {
          "rotation": {
            "0.0": [0, 0, 0],
            "0.1667": [-10.94805, -32.07638, 6.77687],
            "0.2917": [-10.94805, -32.07638, 6.77687],
            "0.4583": [18.54835, 19.03771, 6.24605],
            "5.0417": [18.54835, 19.03771, 6.24605],
            "5.6667": [0, 0, 0]
          },
          "position": {
            "0.0": [0, 0, 0],
            "0.1667": [0, 0, 0],
            "0.2917": [0, 0, 0],
            "0.4583": [-2, -8, -2],
            "5.0417": [-2, -8, -2],
            "5.6667": [0, 0, 0]
          }
        },
        "torso": {
          "rotation": {
            "0.0": [0, 0, 0],
            "0.1667": [0, 0, 0],
            "0.2917": [0, 0, 0],
            "0.4167": [25, 0, 0],
            "5.0": [25, 0, 0],
            "5.6667": [0, 0, 0]
          },
          "position": {
            "0.0": [0, 0, 0],
            "0.1667": [0, 0, 0],
            "0.2917": [0, 0, 0],
            "0.4167": [0, 0, 0],
            "5.0": [0, 0, 0],
            "5.6667": [0, 0, 0]
          }
        },
        "head": {
          "rotation": {
            "0.0": [0, 0, 0],
            "0.1667": [0, 0, 0],
            "0.2917": [0, 0, 0],
            "0.4583": [17.5, 0, 0],
            "5.0417": [17.5, 0, 0],
            "5.6667": [0, 0, 0]
          },
          "position": {
            "0.0": [0, 0, 0],
            "0.1667": [0, 0, 0],
            "0.2917": [0, 0, 0],
            "0.4583": [0, 0, 0],
            "5.0417": [0, 0, 0],
            "5.6667": [0, 0, 0]
          }
        },
        "right_leg": {
          "rotation": {
            "0.0": [0, 0, 0],
            "0.1667": [0, 0, 0],
            "0.2917": [0, 0, 0],
            "0.4583": [-19.64048, -17.34551, -2.35666],
            "5.0417": [-19.64048, -17.34551, -2.35666],
            "5.6667": [0, 0, 0]
          },
          "position": {
            "0.0": [0, 0, 0],
            "0.1667": [0, 0, 0],
            "0.2917": [0, 0, 0],
            "0.4583": [1, 9, -2],
            "5.0417": [1, 9, -2],
            "5.6667": [0, 0, 0]
          }
        },
        "left_leg": {
          "rotation": {
            "0.0": [0, 0, 0],
            "0.1667": [0, 0, 0],
            "0.2917": [0, 0, 0],
            "0.4583": [70.44278, -21.08726, 0.38294],
            "5.0417": [70.44278, -21.08726, 0.38294],
            "5.6667": [0, 0, 0]
          },
          "position": {
            "0.0": [0, 0, 0],
            "0.1667": [0, 0, 0],
            "0.2917": [0, 0, 0],
            "0.4583": [3, 0, -1],
            "5.0417": [3, 0, -1],
            "5.6667": [0, 0, 0]
          }
        },
        "right_arm": {
          "rotation": {
            "0.0": [0, 0, 0],
            "0.1667": [0, 0, 0],
            "0.2917": [0, 0, 0],
            "0.4583": [26.72717, 35.99924, 39.93242],
            "5.0417": [26.72717, 35.99924, 39.93242],
            "5.6667": [0, 0, 0]
          },
          "position": {
            "0.0": [0, 0, 0],
            "0.1667": [0, 0, 0],
            "0.2917": [0, 0, 0],
            "0.4583": [0, 0, 0],
            "5.0417": [0, 0, 0],
            "5.6667": [0, 0, 0]
          }
        },
        "bipedHandRight": {
          "rotation": {
            "0.0": [0, 0, 0],
            "0.1667": [0, 0, 0],
            "0.2917": [0, 0, 0],
            "0.4167": [0, 0, -25],
            "5.0": [0, 0, -25],
            "5.6667": [0, 0, 0]
          }
        },
        "left_arm": {
          "rotation": {
            "0.0": [0, 0, 0],
            "0.1667": [-205, 0, 0],
            "0.2917": [-205, 0, 0],
            "0.4583": [-16.46491, -22.47741, -2.70569],
            "5.0417": [-16.46491, -22.47741, -2.70569],
            "5.6667": [0, 0, 0]
          },
          "position": {
            "0.0": [0, 0, 0],
            "0.1667": [0, 0, 0],
            "0.2917": [0, 0, 0],
            "0.4583": [0, -2.47, -2.42],
            "5.0417": [0, -2.47, -2.42],
            "5.6667": [0, 0, 0]
          }
        }
      }
    },"armor_lock_recover": {
      "animation_length": 5.6667,
      "bones": {
        "body": {
          "rotation": {
            "0.0": [18.54835, 19.03771, 6.24605],
            "0.5833": [0, 0, 0]
          },
          "position": {
            "0.0": [-2, -8, -2],
            "0.5833": [0, 0, 0]
          }
        },
        "torso": {
          "rotation": {
            "0.0": [25, 0, 0],
            "0.5833": [0, 0, 0]
          },